* 名称       :109386，卷轴
* 说明       :$5e06，跳过检测
* 制作       :$23854,开头英文地址
魔法，1094c5
时间：10A416

*970A，死命赋血

16，爆血怪，小类00爆水晶，小类01爆水晶或血

;13, 1BOSS，小类10，24，03，05，

;19, 2BOSS，30D3E

;1A, 3BOSS，315D8，绿蝙蝠，10，1（紫），2（绿）（33794，6BOSS）

;1B, 4boss，$324D2,小类10

;22,，女王

;21，披风男

;20，5BOSS，黄毛，32fe0

;1D，大猫怪，小类20，40，33f2e

;1（0）；
2.1（2）；2.2（3）；
3.1（4）；3.2（5）；3.2，BOSS逃跑（6）；
4.0（7）；4.1（8）；4.2（9）；4.3（A）；4.4（B）
5.1（E）；5.2（F）；5.3（10）；5.4（11）；
6.0（12）；6.1（13）；6.2（14）；
7.0序幕变身（1）；7.0.1序幕逃跑（15）；到7.1（17）打完一阶；7.2回到（15）；
7.3（16）2阶逃跑；7.4（16）关底；8.0（18）；8.1（19）白毛；8.2（1A）；


  <cheat desc="Infinite Credits">
    <script state="run">
      <action>maincpu.pb@10835F=09</action>
    </script>
  </cheat>

  <cheat desc="Infinite Time">
    <script state="run">
      <action>maincpu.pb@10A416=99</action>
    </script>
  </cheat>

  <cheat desc="Hit Anywhere (Both Players)"> <comment>Enemies hit anywhere as well. Use with Invincibilty for the best effect.</comment>
    <script state="on">
      <action>temp0 =maincpu.mw@00700E</action>
      <action>temp1 =maincpu.mw@007072</action>
    </script>
    <script state="run">
      <action>maincpu.mw@00700E=6002</action> <!-- This ROM cheat was made by Abystus -->
      <action>maincpu.mw@007072=6002</action>
    </script>
    <script state="off">
      <action>maincpu.mw@00700E=temp0 </action>
      <action>maincpu.mw@007072=temp1 </action>
    </script>
  </cheat>

  <cheat desc=" "/>

  <cheat desc="Infinite Lives PL1">
    <script state="run">
      <action>maincpu.pb@1020F4=09</action>
    </script>
  </cheat>

  <cheat desc="Infinite Energy PL1">
    <script state="run">
      <action>maincpu.pb@102033=44</action>
    </script>
  </cheat>

  <cheat desc="Invincibility PL1">
    <parameter>
      <item value="0x00">Enabled</item>
      <item value="0x80">Disabled</item>
    </parameter>
    <script state="run">
      <action>maincpu.pb@102023=param|(maincpu.pb@102023 BAND ~80)</action>
    </script>
  </cheat>

  <cheat desc="Select Combo PL1">
    <parameter>
      <item value="0x00">Punch Only Combo</item>
      <item value="0x04">Finish Only Combo</item>
    </parameter>
    <script state="run">
      <action>maincpu.pb@102039=param</action>
    </script>
  </cheat>

  <cheat desc="Select Magic Level PL1">
    <parameter>
      <item value="0x01">1</item>
      <item value="0x02">2</item>
      <item value="0x03">3</item>
      <item value="0x04">4</item>
      <item value="0x05">5 (Max)</item>
    </parameter>
    <script state="run">
      <action>maincpu.pb@1094C5=param</action>
    </script>
  </cheat>

  <cheat desc="Select Character PL1">
    <parameter>
      <item value="0x01">Sailor Moon</item>
      <item value="0x02">Sailor Mercury</item>
      <item value="0x03">Sailor Mars</item>
      <item value="0x04">Sailor Jupiter</item>
      <item value="0x05">Sailor Venus</item>
    </parameter>
    <script state="run">
      <action>maincpu.pb@102001=param</action>
    </script>
  </cheat>

  <cheat desc=" "/>

  <cheat desc="Infinite Lives PL2">
    <script state="run">
      <action>maincpu.pb@1021F4=09</action>
    </script>
  </cheat>

  <cheat desc="Infinite Energy PL2">
    <script state="run">
      <action>maincpu.pb@102133=44</action>
    </script>
  </cheat>

  <cheat desc="Invincibility PL2">
    <parameter>
      <item value="0x00">Enabled</item>
      <item value="0x80">Disabled</item>
    </parameter>
    <script state="run">
      <action>maincpu.pb@102123=param|(maincpu.pb@102123 BAND ~80)</action>
    </script>
  </cheat>

  <cheat desc="Select Combo PL2">
    <parameter>
      <item value="0x00">Punch Only Combo</item>
      <item value="0x04">Finish Only Combo</item>
    </parameter>
    <script state="run">
      <action>maincpu.pb@102139=param</action>
    </script>
  </cheat>

  <cheat desc="Select Magic Level PL2">
    <parameter>
      <item value="0x01">1</item>
      <item value="0x02">2</item>
      <item value="0x03">3</item>
      <item value="0x04">4</item>
      <item value="0x05">5 (Max)</item>
    </parameter>
    <script state="run">
      <action>maincpu.pb@1095C5=param</action>
    </script>
  </cheat>

  <cheat desc="Select Character PL2">
    <parameter>
      <item value="0x01">Sailor Moon</item>
      <item value="0x02">Sailor Mercury</item>
      <item value="0x03">Sailor Mars</item>
      <item value="0x04">Sailor Jupiter</item>
      <item value="0x05">Sailor Venus</item>
    </parameter>
    <script state="run">
      <action>maincpu.pb@102101=param</action>
    </script>
  </cheat>

  <cheat desc=" "/>

  <cheat desc="Select Region"> <comment>After you enable this cheat to see any effect you must reset the game (with F3).</comment> <!-- Cheat based on Tourniquet's original EEPROM cheat -->
    <parameter>
      <item value="0x01">Japan</item>
      <item value="0x02">US</item>
      <item value="0x03">Europe</item>
      <item value="0x04">Hong Kong</item>
      <item value="0x05">Taiwan</item>
      <item value="0x06">Korea</item>
    </parameter>
    <script state="run">
      <action condition="(param==01) AND (maincpu.pb@10A34B==02)">maincpu.pb@10A34B=00</action>
      <action condition="(param==01) AND (maincpu.pb@10A3CB==02)">maincpu.pb@10A3CB=00</action>
      <action condition="(param==01) AND (maincpu.pb@10A40D==02)">maincpu.pb@10A40D=00</action>
      <action condition="(param==02) AND (maincpu.pb@10A34B==02)">maincpu.pb@10A34B=01</action>
      <action condition="(param==02) AND (maincpu.pb@10A3CB==02)">maincpu.pb@10A3CB=01</action>
      <action condition="(param==02) AND (maincpu.pb@10A40D==02)">maincpu.pb@10A40D=01</action>
      <action condition="(param==03) AND (maincpu.pb@10A34B==02)">maincpu.pb@10A34B=02</action>
      <action condition="(param==03) AND (maincpu.pb@10A3CB==02)">maincpu.pb@10A3CB=02</action>
      <action condition="(param==03) AND (maincpu.pb@10A40D==02)">maincpu.pb@10A40D=02</action>
      <action condition="(param==04) AND (maincpu.pb@10A34B==02)">maincpu.pb@10A34B=03</action>
      <action condition="(param==04) AND (maincpu.pb@10A3CB==02)">maincpu.pb@10A3CB=03</action>
      <action condition="(param==04) AND (maincpu.pb@10A40D==02)">maincpu.pb@10A40D=03</action>
      <action condition="(param==05) AND (maincpu.pb@10A34B==02)">maincpu.pb@10A34B=04</action>
      <action condition="(param==05) AND (maincpu.pb@10A3CB==02)">maincpu.pb@10A3CB=04</action>
      <action condition="(param==05) AND (maincpu.pb@10A40D==02)">maincpu.pb@10A40D=04</action>
      <action condition="(param==06) AND (maincpu.pb@10A34B==02)">maincpu.pb@10A34B=05</action>
      <action condition="(param==06) AND (maincpu.pb@10A3CB==02)">maincpu.pb@10A3CB=05</action>
      <action condition="(param==06) AND (maincpu.pb@10A40D==02)">maincpu.pb@10A40D=05</action>
    </script>
  </cheat>

  <cheat desc="Select Title Language">
    <parameter>
      <item value="0x01">Japanese</item>
      <item value="0x02">English</item>
    </parameter>
    <script state="run">
      <action condition="(param==01) AND (maincpu.pb@10A3C3==01)">maincpu.pb@10A3C3=00</action>
      <action condition="(param==01) AND (maincpu.pb@10A40F==01)">maincpu.pb@10A40F=00</action>
      <action condition="(param==02) AND (maincpu.pb@10A3C3==01)">maincpu.pb@10A3C3=01</action>
      <action condition="(param==02) AND (maincpu.pb@10A40F==01)">maincpu.pb@10A40F=01</action>
    </script>
  </cheat>

</mamecheat>
<!-- Cheat file downloaded from http://www.mamecheat.co.uk, see cheat.txt for list of contributors. -->



*-----------------------------------------------------------
* 名称       :109386，卷轴
* 说明       :$5e06，跳过检测
* 制作       :$23854,开头英文地址
;13,1BOSS，小类10，24，03，05，
;19,2BOSS,30D3E
;1A,3BOSS,绿蝙蝠，10，1，2
;1B,4boss，$324D2,小类10
;22,女王
;21，披风男
;20，黄毛，32fe0
;1D，大猫怪，小类20，40，33f2e
;1（0）；2.1（2）；2.2（3）；3.1（4）；3.2（5）；3.2BOSS逃跑（6）；
;
;
;-----------------------------------------------------------
	;ORG	$a69c
	;nop
	;subi.w	#$1,($2e,A1)	/魔法-1

	;org	$5e78
	;move.w	#$4,($2e,A5)	/初始魔法等级4 	


	;org	$ab2e		/角色赋血
	;move.w	#$40,($30,A0)	
	
*---------------------------女王------------------------------------------------
	org	$1efe8		/激活女王
	jmp	$7dd00
	nop
	org	$7dd00
	cmpi.w	#$1a,($1384,A6)		/是否8关底
	bne	_1eff0
	cmp.l	($13c4,A6),D0
	bne	_1f00a
_1eff0
	jmp	$1eff0	
_1f00a
	jmp	$1f00a	
	
*----------------------------------披风男-----------------------------------------	
	org	$1e804		/披风男
	jmp	$7de00
	nop
	org	$7de00
	cmpi.w	#$19,($1384,A6)		/是否8.1
	bne	_1e80c
	cmp.l	($13c4,A6),D0
	bne	_1e826
_1e80c
	jmp	$1e80c	
_1e826
	jmp	$1e826

*----------------------------黄毛-----------------------------------------------	
	org	$1dce8		/黄毛
	jmp	$7df00
	nop
	org	$7df00
	cmpi.w	#$11,($1384,A6)		/是否5.4
	bne	_1dcf0
	cmp.l	($13c4,A6),D0
	bne	_1dd16
_1dcf0
	jmp	$1dcf0	
_1dd16
	jmp	$1dd16

*-----------------------------大猫怪-------------------------------------------------
	org	$1c7a6
	jsr	$7e000
	org	$7e000
	cmpi.w	#$16,($1384,A6)
	beq	_xueliang20
	move.w	#$60,($32,A0)
	rts	
_xueliang20
	move.w	#$20,($32,A0)
	rts

	org	$1c6fe		/激活大猫怪
	jmp	$7e100
	nop
	org	$7e100
	cmpi.w	#$1,($1384,A6)		/是否7
	beq	_jcjz
	cmpi.w	#$15,($1384,A6)		/是7
	beq	_jcjz
	cmpi.w	#$16,($1384,A6)		/是7
	beq	_jcjz
	cmpi.w	#$17,($1384,A6)		/是7
	beq	_jcjz
	jmp	$1c706
_jcjz	
	cmp.l	($13c4,A6),D0
	bne	_1c70c
	jmp	$1c706	
_1c70c
	jmp	$1c70c

*------------------------2BOSS---老巫婆-------------------------------------
	org	$19a2e
	jmp	$7e200
	org	$7e200
	cmpi.w	#$3,($1384,A6)		/是否2.2
	beq	_jcxl
	jmp	$19a6a
_jcxl
	move.w	($30,A0),D0
	lsr.w	#1,D0
	jmp	$19a34

*----------------------------------闪电姐妹 -----------------------------------------	
	org	$1595a		/激活闪电姐妹
	jmp	$7e300
	nop
	org	$7e300
	tst.w	($1384,A6)		/是否1
	bne	_15962
	cmp.l	($13c4,A6),D0
	bne	_1597a
_15962
	jmp	$15962	
_1597a
	jmp	$1597a

*---------------------------爆物怪-------------------------------------------------
	org	$12238		/小类01，必爆血
	bra	$12242





